[{"model": "rules.extension", "pk": 1, "fields": {"is_mandatory": true, "name_de": "Grundregelbuch 2018", "name_en": "Core rule book 2018"}}, {"model": "rules.skill", "pk": 1, "fields": {"name_de": "Athletik", "name_en": "Athleticism", "extension": 1, "add_to_all_characters": true}}, {"model": "rules.skill", "pk": 2, "fields": {"name_de": "Kommunikation", "name_en": "Communication", "extension": 1, "add_to_all_characters": true}}, {"model": "rules.skill", "pk": 3, "fields": {"name_de": "Empathie", "name_en": "Empathy", "extension": 1, "add_to_all_characters": true}}, {"model": "rules.skill", "pk": 4, "fields": {"name_de": "T\u00e4uschen und Betr\u00fcgen", "name_en": "Deception", "extension": 1, "add_to_all_characters": true}}, {"model": "rules.skill", "pk": 5, "fields": {"name_de": "Fahren", "name_en": "Driving", "extension": 1, "add_to_all_characters": true}}, {"model": "rules.skill", "pk": 6, "fields": {"name_de": "Erste Hilfe", "name_en": "First Aid", "extension": 1, "add_to_all_characters": true}}, {"model": "rules.skill", "pk": 7, "fields": {"name_de": "Nahkampf", "name_en": "Hand to Hand Combat", "extension": 1, "add_to_all_characters": true}}, {"model": "rules.skill", "pk": 8, "fields": {"name_de": "Improvisieren", "name_en": "Improvising", "extension": 1, "add_to_all_characters": true}}, {"model": "rules.skill", "pk": 9, "fields": {"name_de": "Einsch\u00fcchtern", "name_en": "Intimidation", "extension": 1, "add_to_all_characters": true}}, {"model": "rules.skill", "pk": 10, "fields": {"name_de": "L\u00fcgen", "name_en": "Lying", "extension": 1, "add_to_all_characters": true}}, {"model": "rules.skill", "pk": 11, "fields": {"name_de": "Achtsamkeit", "name_en": "Mindfulness", "extension": 1, "add_to_all_characters": true}}, {"model": "rules.skill", "pk": 12, "fields": {"name_de": "Musik", "name_en": "Music", "extension": 1, "add_to_all_characters": true}}, {"model": "rules.skill", "pk": 13, "fields": {"name_de": "Orientierung", "name_en": "Orientation", "extension": 1, "add_to_all_characters": true}}, {"model": "rules.skill", "pk": 14, "fields": {"name_de": "Wahrnehmung", "name_en": "Perception", "extension": 1, "add_to_all_characters": true}}, {"model": "rules.skill", "pk": 15, "fields": {"name_de": "\u00dcberzeugen", "name_en": "Persuasion", "extension": 1, "add_to_all_characters": true}}, {"model": "rules.skill", "pk": 16, "fields": {"name_de": "Reparieren", "name_en": "Repairing", "extension": 1, "add_to_all_characters": true}}, {"model": "rules.skill", "pk": 17, "fields": {"name_de": "Schie\u00dfen", "name_en": "Shooting", "extension": 1, "add_to_all_characters": true}}, {"model": "rules.skill", "pk": 18, "fields": {"name_de": "Heimlichkeit", "name_en": "Stealth", "extension": 1, "add_to_all_characters": true}}, {"model": "rules.skill", "pk": 19, "fields": {"name_de": "Werfen", "name_en": "Throwing", "extension": 1, "add_to_all_characters": true}}, {"model": "rules.skill", "pk": 20, "fields": {"name_de": "Tapferkeit", "name_en": "Courage", "extension": 1, "add_to_all_characters": true}}, {"model": "rules.skill", "pk": 21, "fields": {"name_de": "Willenskraft", "name_en": "Willpower", "extension": 1, "add_to_all_characters": true}}, {"model": "rules.knowledge", "pk": 1, "fields": {"name_de": "Allgemeinwissen", "name_en": "General Knowledge", "extension": 1, "add_to_all_characters": true}}, {"model": "rules.templatecategory", "pk": 1, "fields": {"name_de": "Talent", "name_en": "Talent", "description_de": "", "description_en": ""}}, {"model": "rules.templatecategory", "pk": 2, "fields": {"name_de": "Bildung", "name_en": "Education", "description_de": "", "description_en": ""}}, {"model": "rules.templatecategory", "pk": 3, "fields": {"name_de": "Beruf", "name_en": "Occupation", "description_de": "", "description_en": ""}}, {"model": "rules.templatecategory", "pk": 4, "fields": {"name_de": "Lebensumst\u00e4nde", "name_en": "Environment", "description_de": "", "description_en": ""}}, {"model": "rules.templatecategory", "pk": 5, "fields": {"name_de": "Interessen", "name_en": "Interests", "description_de": "", "description_en": ""}}, {"model": "rules.templatecategory", "pk": 6, "fields": {"name_de": "Charakter", "name_en": "Character", "description_de": "", "description_en": ""}}, {"model": "rules.template", "pk": 1, "fields": {"name_de": "Hauptschule", "name_en": "Middle School", "extension": 1, "category": 2, "description_de": "", "description_en": "", "cost": 1}}, {"model": "rules.template", "pk": 2, "fields": {"name_de": "Abitur", "name_en": "High School", "extension": 1, "category": 2, "description_de": "", "description_en": "", "cost": 1}}, {"model": "rules.template", "pk": 3, "fields": {"name_de": "Studium", "name_en": "College", "extension": 1, "category": 2, "description_de": "", "description_en": "", "cost": 1}}, {"model": "rules.template", "pk": 4, "fields": {"name_de": "Revolverheld", "name_en": "Gunslinger", "extension": 1, "category": 1, "description_de": "", "description_en": "", "cost": 1}}, {"model": "rules.templatemodifier", "pk": 1, "fields": {"template": 1, "attribute": "base_resistance", "attribute_modifier": 1, "skill": null, "skill_modifier": null, "knowledge": null, "knowledge_modifier": null}}, {"model": "rules.templatemodifier", "pk": 2, "fields": {"template": 1, "attribute": null, "attribute_modifier": null, "skill": 8, "skill_modifier": 1, "knowledge": null, "knowledge_modifier": null}}, {"model": "rules.templatemodifier", "pk": 3, "fields": {"template": 2, "attribute": null, "attribute_modifier": null, "skill": null, "skill_modifier": null, "knowledge": 1, "knowledge_modifier": 1}}, {"model": "rules.templatemodifier", "pk": 4, "fields": {"template": 2, "attribute": "base_openness", "attribute_modifier": 1, "skill": null, "skill_modifier": null, "knowledge": null, "knowledge_modifier": null}}, {"model": "rules.templatemodifier", "pk": 5, "fields": {"template": 3, "attribute": "base_conscientiousness", "attribute_modifier": 1, "skill": null, "skill_modifier": null, "knowledge": null, "knowledge_modifier": null}}, {"model": "rules.templatemodifier", "pk": 6, "fields": {"template": 3, "attribute": null, "attribute_modifier": null, "skill": 2, "skill_modifier": 1, "knowledge": null, "knowledge_modifier": 0}}, {"model": "rules.templatemodifier", "pk": 7, "fields": {"template": 4, "attribute": null, "attribute_modifier": null, "skill": 17, "skill_modifier": 2, "knowledge": null, "knowledge_modifier": null}}, {"model": "rules.templatemodifier", "pk": 8, "fields": {"template": 4, "attribute": "base_agreeableness", "attribute_modifier": -1, "skill": null, "skill_modifier": null, "knowledge": null, "knowledge_modifier": null}}]