[{"model": "armory.itemtype", "pk": 1, "fields": {"name_de": "Erste Hilfe", "name_en": "First Aid", "description_de": "", "description_en": "", "created_at": "2023-06-21T14:02:44.890Z", "modified_at": "2023-06-21T14:02:44.890Z", "ordering": 10}}, {"model": "armory.item", "pk": 1, "fields": {"name_de": "Bandagen", "name_en": "Bandages", "description_de": "Heilt Wunden entsprechend der Erfolge des Wurfs.", "description_en": "Heals wounds according to the successes of the roll.", "type": 1, "is_container": false, "weight": "0.30", "price": "20.00", "concealment": 0, "created_at": "2023-06-21T14:04:05.350Z", "created_by": null, "is_homebrew": false, "keep_as_homebrew": false, "homebrew_campaign": null, "charges": null, "modified_at": "2023-06-21T14:04:05.350Z", "usable_in_combat": false, "attribute": 3, "skill": null, "knowledge": 2, "dice_roll_string": null, "image": "", "image_copyright": null, "image_copyright_url": null, "extensions": [1]}}, {"model": "armory.weapontype", "pk": 1, "fields": {"name_de": "Klingenwaffen", "name_en": "Blades", "description_de": "", "description_en": "", "created_at": "2023-06-21T13:57:01.111Z", "modified_at": "2023-06-21T13:57:01.111Z", "ordering": 10}}, {"model": "armory.weapontype", "pk": 2, "fields": {"name_de": "Schusswaffen", "name_en": "Guns", "description_de": "", "description_en": "", "created_at": "2023-06-21T13:59:23.283Z", "modified_at": "2023-06-21T13:59:23.283Z", "ordering": 10}}, {"model": "armory.attackmode", "pk": 1, "fields": {"name_de": "Nahkampf", "name_en": "Melee Combat", "dice_bonus": 0, "capacity_consumed": 1}}, {"model": "armory.attackmode", "pk": 2, "fields": {"name_de": "Einzelschuss", "name_en": "Single Shot", "dice_bonus": 0, "capacity_consumed": 1}}, {"model": "armory.attackmode", "pk": 3, "fields": {"name_de": "Feuerstoß", "name_en": "Burst", "dice_bonus": 2, "capacity_consumed": 3}}, {"model": "armory.weapon", "pk": 1, "fields": {"created_at": "2023-06-21T13:58:21.835Z", "modified_at": "2023-06-21T13:58:21.835Z", "is_hand_to_hand_weapon": true, "is_throwing_weapon": false, "name_de": "Dolch", "name_en": "Dagger", "description_de": "", "description_en": "", "type": 1, "piercing": 1, "damage_potential": 0, "recoil_compensation": 0, "crit_minimum_roll": 11, "encumbrance": 0, "concealment": 0, "reload_actions": 1, "actions_to_ready": 1, "capacity": null, "weight": "1.00", "price": "100.00", "created_by": null, "is_homebrew": false, "keep_as_homebrew": false, "homebrew_campaign": null, "range_meter": 0, "image": "", "image_copyright": null, "image_copyright_url": null, "extensions": [1]}}, {"model": "armory.weapon", "pk": 2, "fields": {"created_at": "2023-06-21T13:58:58.792Z", "modified_at": "2023-06-21T13:58:58.792Z", "is_hand_to_hand_weapon": true, "is_throwing_weapon": false, "name_de": "Katana", "name_en": "Katana", "description_de": "", "description_en": "", "type": 1, "piercing": 1, "damage_potential": 2, "recoil_compensation": 0, "crit_minimum_roll": 11, "encumbrance": 0, "concealment": 0, "reload_actions": 1, "actions_to_ready": 1, "capacity": null, "weight": "1.40", "price": "1200.00", "created_by": null, "is_homebrew": false, "keep_as_homebrew": false, "homebrew_campaign": null, "range_meter": 0, "image": "", "image_copyright": null, "image_copyright_url": null, "extensions": [1]}}, {"model": "armory.weapon", "pk": 3, "fields": {"created_at": "2023-06-21T14:00:35.058Z", "modified_at": "2023-06-21T14:00:35.058Z", "is_hand_to_hand_weapon": false, "is_throwing_weapon": false, "name_de": "Pistole", "name_en": "Pistol", "description_de": "", "description_en": "", "type": 2, "piercing": 1, "damage_potential": 0, "recoil_compensation": 0, "crit_minimum_roll": 11, "encumbrance": 0, "concealment": 2, "reload_actions": 1, "actions_to_ready": 1, "capacity": null, "weight": "0.80", "price": "1200.00", "created_by": null, "is_homebrew": false, "keep_as_homebrew": false, "homebrew_campaign": null, "range_meter": 40, "image": "", "image_copyright": null, "image_copyright_url": null, "extensions": [1]}}, {"model": "armory.weapon", "pk": 4, "fields": {"created_at": "2023-06-21T14:01:32.974Z", "modified_at": "2023-06-21T14:01:32.974Z", "is_hand_to_hand_weapon": false, "is_throwing_weapon": false, "name_de": "Sturmgewehr", "name_en": "Assault Rifle", "description_de": "", "description_en": "", "type": 2, "piercing": 1, "damage_potential": 2, "recoil_compensation": 1, "crit_minimum_roll": 11, "encumbrance": 1, "concealment": 5, "reload_actions": 1, "actions_to_ready": 1, "capacity": null, "weight": "2.00", "price": "4200.00", "created_by": null, "is_homebrew": false, "keep_as_homebrew": false, "homebrew_campaign": null, "range_meter": 80, "image": "", "image_copyright": null, "image_copyright_url": null, "extensions": [1]}}, {"model": "armory.weaponattackmode", "pk": 1, "fields": {"weapon": 1, "attack_mode": 1, "dice_bonus_override": null, "capacity_consumed_override": null}}, {"model": "armory.weaponattackmode", "pk": 2, "fields": {"weapon": 2, "attack_mode": 1, "dice_bonus_override": null, "capacity_consumed_override": null}}, {"model": "armory.weaponattackmode", "pk": 3, "fields": {"weapon": 3, "attack_mode": 2, "dice_bonus_override": null, "capacity_consumed_override": null}}, {"model": "armory.weaponattackmode", "pk": 4, "fields": {"weapon": 4, "attack_mode": 2, "dice_bonus_override": null, "capacity_consumed_override": null}}, {"model": "armory.weaponattackmode", "pk": 5, "fields": {"weapon": 4, "attack_mode": 3, "dice_bonus_override": null, "capacity_consumed_override": null}}, {"model": "armory.riotgeartype", "pk": 1, "fields": {"name_de": "Kleidung", "name_en": "Clothing", "description_de": "", "description_en": "", "ordering": 10}}, {"model": "armory.riotgeartype", "pk": 2, "fields": {"name_de": "Leichte Rüstung", "name_en": "Light Armor", "description_de": "", "description_en": "", "ordering": 10}}, {"model": "armory.riotgear", "pk": 1, "fields": {"created_by": null, "created_at": "2023-06-21T13:55:18.841Z", "modified_at": "2023-06-21T13:55:18.841Z", "name_de": "Normale Kleidung", "name_en": "Normal Clothing", "description_de": "", "description_en": "", "type": 1, "protection_ballistic": 0, "encumbrance": 0, "concealment": 0, "weight": "4.00", "price": "50.00", "is_homebrew": false, "keep_as_homebrew": false, "homebrew_campaign": null, "extensions": [1]}}, {"model": "armory.riotgear", "pk": 2, "fields": {"created_by": null, "created_at": "2023-06-21T13:56:31.029Z", "modified_at": "2023-06-21T13:56:31.029Z", "name_de": "Schutzweste", "name_en": "Body armour", "description_de": "", "description_en": "", "type": 2, "protection_ballistic": 1, "encumbrance": 1, "concealment": 0, "weight": "5.00", "price": "250.00", "is_homebrew": false, "keep_as_homebrew": false, "homebrew_campaign": null, "extensions": [1]}}, {"model": "armory.currencymap", "pk": 1, "fields": {"name": "Euro"}}, {"model": "armory.currencymapunit", "pk": 1, "fields": {"currency_map": 1, "name": "Euro", "color_class": "text-warning", "fa_icon_class": "fas fa-euro-sign", "is_common": true, "ordering": 10}}, {"model": "armory.currencymapunit", "pk": 2, "fields": {"currency_map": 1, "name": "Cent", "color_class": "text-white", "fa_icon_class": "fas fa-coins", "is_common": false, "ordering": 20}}, {"model": "rulebook.book", "pk": 1, "fields": {"is_homebrew": false, "keep_as_homebrew": false, "homebrew_campaign": null, "created_by": null, "created_at": "2023-06-21T13:40:00.423Z", "modified_at": "2023-06-21T13:40:00.423Z", "name_de": "Regelbuch", "name_en": "Rulebook", "ordering": 0, "image": "", "image_copyright": null, "image_copyright_url": null}}, {"model": "rulebook.chapter", "pk": 1, "fields": {"is_homebrew": false, "keep_as_homebrew": false, "homebrew_campaign": null, "created_by": null, "created_at": "2023-06-21T13:41:42.130Z", "modified_at": "2023-06-21T13:41:42.130Z", "book": 1, "name_de": "Kapitel 1", "name_en": "Chapter 1", "number": 1, "fa_icon_class": "fas fa-portrait", "rules_file_de": "", "rules_file_en": "", "image": "", "image_copyright": null, "image_copyright_url": null}}, {"model": "rules.extension", "pk": 1, "fields": {"is_mandatory": false, "is_active": true, "type": "w", "name_de": "Terra", "name_en": "Terra", "identifier": "terra", "description_de": "Die Welt, in der wir leben", "description_en": "The world we live in", "year_range_de": "Die Welt, in der wir leben", "year_range_en": "The world we live in", "fa_icon_class": "fas fa-book", "image": "", "image_copyright": null, "image_copyright_url": null, "created_at": "2023-06-21T12:32:47.993Z", "modified_at": "2023-06-21T12:32:47.993Z", "ordering": 100, "currency_map": 1, "fixed_epoch": null, "select_spells_by": "t", "fixed_extensions": []}}, {"model": "rules.extension", "pk": 2, "fields": {"is_mandatory": false, "is_active": true, "type": "e", "name_de": "Moderne Zeit", "name_en": "Modern Times", "identifier": "modern", "description_de": "2000 und danach", "description_en": "2000 and after", "year_range_de": "2000 und danach", "year_range_en": "2000 and after", "fa_icon_class": "fas fa-book", "image": "", "image_copyright": null, "image_copyright_url": null, "created_at": "2023-06-21T12:34:25.146Z", "modified_at": "2023-06-21T12:34:25.147Z", "ordering": 100, "currency_map": null, "fixed_epoch": null, "select_spells_by": "t", "fixed_extensions": []}}, {"model": "rules.extension", "pk": 3, "fields": {"is_mandatory": false, "is_active": true, "type": "x", "name_de": "Magie", "name_en": "Magic", "identifier": "magic", "description_de": "Zauber, Arkana und magische Objekte", "description_en": "Spells, arcana and magical objects", "year_range_de": "Zauber, Arkana und magische Objekte", "year_range_en": "Spells, arcana and magical objects", "fa_icon_class": "fas fa-book", "image": "", "image_copyright": null, "image_copyright_url": null, "created_at": "2023-06-21T12:35:43.535Z", "modified_at": "2023-06-21T12:36:49.627Z", "ordering": 100, "currency_map": null, "fixed_epoch": null, "select_spells_by": "t", "fixed_extensions": []}}, {"model": "rules.lineage", "pk": 1, "fields": {"name_de": "Mensch", "name_en": "Human", "description_de": "Ein Mensch", "description_en": "A Human", "template": null, "created_at": "2023-06-21T12:51:04.765Z", "modified_at": "2023-06-21T12:51:04.765Z", "base_max_health": 6, "base_max_arcana": 0, "base_spell_points": 0, "base_actions": 2, "base_minimum_roll": 5, "base_bonus_dice": 0, "base_destiny_dice": 0, "base_rerolls": 0, "base_evasion": 0, "base_protection": 0, "base_max_stress": 6, "template_points": 20, "extensions": [1]}}, {"model": "rules.attribute", "pk": 1, "fields": {"name_de": "Willenskraft", "name_en": "Willpower", "identifier": "willpower", "description_de": "Die Willenskraft deines Charakters.", "description_en": "The willpower of your character.", "kind": "per"}}, {"model": "rules.attribute", "pk": 2, "fields": {"name_de": "Intelligenz", "name_en": "Wit", "identifier": "logic", "description_de": "", "description_en": "", "kind": "per"}}, {"model": "rules.attribute", "pk": 3, "fields": {"name_de": "Gewandtheit", "name_en": "Dexterity", "identifier": "deftness", "description_de": "", "description_en": "", "kind": "phy"}}, {"model": "rules.attribute", "pk": 4, "fields": {"name_de": "Agilität", "name_en": "Agility", "identifier": "quickness", "description_de": "", "description_en": "", "kind": "phy"}}, {"model": "rules.attribute", "pk": 5, "fields": {"name_de": "Belastbarkeit", "name_en": "Toughness", "identifier": "resistance", "description_de": "", "description_en": "", "kind": "phy"}}, {"model": "rules.attribute", "pk": 6, "fields": {"name_de": "Charisma", "name_en": "Charisma", "identifier": "charm", "description_de": "", "description_en": "", "kind": "per"}}, {"model": "rules.attribute", "pk": 7, "fields": {"name_de": "Stärke", "name_en": "Strength", "identifier": "strength", "description_de": "", "description_en": "", "kind": "phy"}}, {"model": "rules.attribute", "pk": 8, "fields": {"name_de": "Intuition", "name_en": "Intuition", "identifier": "intuition", "description_de": "", "description_en": "", "kind": "per"}}, {"model": "rules.skill", "pk": 1, "fields": {"name_de": "Athletik", "name_en": "Athletics", "description_de": "", "description_en": "", "kind": "p", "reference_attribute_1": 3, "reference_attribute_2": 4, "extensions": [1]}}, {"model": "rules.skill", "pk": 2, "fields": {"name_de": "Heimlichkeit", "name_en": "Stealth", "description_de": "", "description_en": "", "kind": "p", "reference_attribute_1": 3, "reference_attribute_2": 2, "extensions": [1]}}, {"model": "rules.skill", "pk": 3, "fields": {"name_de": "Wahrnehmung", "name_en": "Perception", "description_de": "", "description_en": "", "kind": "m", "reference_attribute_1": 2, "reference_attribute_2": 8, "extensions": [1]}}, {"model": "rules.skill", "pk": 4, "fields": {"name_de": "Tapferkeit", "name_en": "Courage", "description_de": "", "description_en": "", "kind": "m", "reference_attribute_1": 5, "reference_attribute_2": 2, "extensions": [1]}}, {"model": "rules.knowledge", "pk": 1, "fields": {"name_de": "Maschinen und Fahrzeuge", "name_en": "Machines and Vehicles", "created_at": "2023-06-21T13:17:59.734Z", "modified_at": "2023-06-21T13:17:59.734Z", "description_de": "", "description_en": "", "skill": 3, "extensions": [1]}}, {"model": "rules.knowledge", "pk": 2, "fields": {"name_de": "Medizin", "name_en": "Medicine", "created_at": "2023-06-21T13:19:22.322Z", "modified_at": "2023-06-21T13:19:22.323Z", "description_de": "", "description_en": "", "skill": 3, "extensions": [1]}}, {"model": "rules.templatecategory", "pk": 1, "fields": {"name_de": "Beruf", "name_en": "Occupation", "fg_color_class": "primary", "bg_color_class": "", "description_de": "", "description_en": "", "sort_order": 1000, "allow_for_reputation": true, "allow_at_character_creation": true}}, {"model": "rules.templatecategory", "pk": 2, "fields": {"name_de": "Talente", "name_en": "Talents", "fg_color_class": "secondary", "bg_color_class": "", "description_de": "", "description_en": "", "sort_order": 1001, "allow_for_reputation": true, "allow_at_character_creation": true}}, {"model": "rules.template", "pk": 1, "fields": {"name_de": "Söldner", "name_en": "Mercenary", "created_at": "2023-06-21T13:14:41.259Z", "modified_at": "2023-06-21T13:14:41.259Z", "category": 1, "rules_de": "", "rules_en": "", "show_rules_in_combat": false, "show_in_attack_dice_rolls": false, "quote": "", "quote_author": null, "cost": 7, "extensions": [1]}}, {"model": "rules.template", "pk": 2, "fields": {"name_de": "Kleriker", "name_en": "Clerical", "created_at": "2023-06-21T13:15:47.206Z", "modified_at": "2023-06-21T13:15:47.206Z", "category": 1, "rules_de": "", "rules_en": "", "show_rules_in_combat": false, "show_in_attack_dice_rolls": false, "quote": "", "quote_author": null, "cost": 7, "extensions": [1]}}, {"model": "rules.template", "pk": 3, "fields": {"name_de": "Techniker", "name_en": "Technician", "created_at": "2023-06-21T13:18:09.847Z", "modified_at": "2023-06-21T13:18:09.847Z", "category": 1, "rules_de": "", "rules_en": "", "show_rules_in_combat": false, "show_in_attack_dice_rolls": false, "quote": "", "quote_author": null, "cost": 7, "extensions": [1]}}, {"model": "rules.template", "pk": 4, "fields": {"name_de": "Arzt", "name_en": "Doctor", "created_at": "2023-06-21T13:19:34.018Z", "modified_at": "2023-06-21T13:19:34.018Z", "category": 1, "rules_de": "", "rules_en": "", "show_rules_in_combat": false, "show_in_attack_dice_rolls": false, "quote": "", "quote_author": null, "cost": 7, "extensions": [1]}}, {"model": "rules.template", "pk": 5, "fields": {"name_de": "Erste Hilfe", "name_en": "First Aid", "created_at": "2023-06-21T13:22:04.432Z", "modified_at": "2023-06-21T13:22:04.433Z", "category": 2, "rules_de": "Als Aktion kann ein Wurf auf Intelligenz gemacht werden, um 1W3 Wunden zu heilen.", "rules_en": "As an action, a roll on Wit  can be made to heal 1D3 wounds.", "show_rules_in_combat": false, "show_in_attack_dice_rolls": false, "quote": "", "quote_author": null, "cost": 3, "extensions": [1]}}, {"model": "rules.template", "pk": 6, "fields": {"name_de": "Redegewandt", "name_en": "Eloquent", "created_at": "2023-06-21T13:36:13.343Z", "modified_at": "2023-06-21T13:36:13.343Z", "category": 2, "rules_de": "", "rules_en": "", "show_rules_in_combat": false, "show_in_attack_dice_rolls": false, "quote": "", "quote_author": null, "cost": 3, "extensions": [1]}}, {"model": "rules.template", "pk": 7, "fields": {"name_de": "Mutig", "name_en": "Brave", "created_at": "2023-06-21T13:37:18.560Z", "modified_at": "2023-06-21T13:37:18.560Z", "category": 2, "rules_de": "", "rules_en": "", "show_rules_in_combat": false, "show_in_attack_dice_rolls": false, "quote": "", "quote_author": null, "cost": 3, "extensions": [1]}}, {"model": "rules.template", "pk": 8, "fields": {"name_de": "Widerstandsfähig", "name_en": "Resistant", "created_at": "2023-06-21T13:38:15.760Z", "modified_at": "2023-06-21T13:38:15.760Z", "category": 2, "rules_de": "", "rules_en": "", "show_rules_in_combat": false, "show_in_attack_dice_rolls": false, "quote": "", "quote_author": null, "cost": 5, "extensions": [1]}}, {"model": "rules.templatemodifier", "pk": 1, "fields": {"template": 1, "aspect": "base_bonus_dice", "aspect_modifier": 1, "attribute": 5, "attribute_modifier": 1, "skill": 4, "skill_modifier": 1, "knowledge": null, "knowledge_modifier": null, "unlocks_spell_origin": null, "allows_priest_actions": false}}, {"model": "rules.templatemodifier", "pk": 2, "fields": {"template": 1, "aspect": "base_destiny_dice", "aspect_modifier": 1, "attribute": 4, "attribute_modifier": 1, "skill": null, "skill_modifier": null, "knowledge": null, "knowledge_modifier": null, "unlocks_spell_origin": null, "allows_priest_actions": false}}, {"model": "rules.templatemodifier", "pk": 3, "fields": {"template": 2, "aspect": "base_destiny_dice", "aspect_modifier": 1, "attribute": 6, "attribute_modifier": 1, "skill": 4, "skill_modifier": 1, "knowledge": null, "knowledge_modifier": null, "unlocks_spell_origin": null, "allows_priest_actions": false}}, {"model": "rules.templatemodifier", "pk": 4, "fields": {"template": 2, "aspect": "base_rerolls", "aspect_modifier": 1, "attribute": 8, "attribute_modifier": 1, "skill": null, "skill_modifier": null, "knowledge": null, "knowledge_modifier": null, "unlocks_spell_origin": null, "allows_priest_actions": false}}, {"model": "rules.templatemodifier", "pk": 5, "fields": {"template": 3, "aspect": "base_rerolls", "aspect_modifier": 2, "attribute": 2, "attribute_modifier": 2, "skill": 3, "skill_modifier": 1, "knowledge": 1, "knowledge_modifier": 1, "unlocks_spell_origin": null, "allows_priest_actions": false}}, {"model": "rules.templatemodifier", "pk": 6, "fields": {"template": 4, "aspect": null, "aspect_modifier": null, "attribute": 2, "attribute_modifier": 1, "skill": 3, "skill_modifier": 1, "knowledge": 2, "knowledge_modifier": 1, "unlocks_spell_origin": null, "allows_priest_actions": false}}, {"model": "rules.templatemodifier", "pk": 7, "fields": {"template": 4, "aspect": null, "aspect_modifier": null, "attribute": 3, "attribute_modifier": 2, "skill": null, "skill_modifier": null, "knowledge": null, "knowledge_modifier": null, "unlocks_spell_origin": null, "allows_priest_actions": false}}, {"model": "rules.templatemodifier", "pk": 8, "fields": {"template": 5, "aspect": null, "aspect_modifier": null, "attribute": 3, "attribute_modifier": 1, "skill": null, "skill_modifier": null, "knowledge": null, "knowledge_modifier": null, "unlocks_spell_origin": null, "allows_priest_actions": false}}, {"model": "rules.templatemodifier", "pk": 9, "fields": {"template": 6, "aspect": null, "aspect_modifier": null, "attribute": 6, "attribute_modifier": 1, "skill": null, "skill_modifier": null, "knowledge": null, "knowledge_modifier": null, "unlocks_spell_origin": null, "allows_priest_actions": false}}, {"model": "rules.templatemodifier", "pk": 10, "fields": {"template": 7, "aspect": null, "aspect_modifier": null, "attribute": null, "attribute_modifier": null, "skill": 4, "skill_modifier": 1, "knowledge": null, "knowledge_modifier": null, "unlocks_spell_origin": null, "allows_priest_actions": false}}, {"model": "rules.templatemodifier", "pk": 11, "fields": {"template": 8, "aspect": "base_max_health", "aspect_modifier": 2, "attribute": 5, "attribute_modifier": 1, "skill": null, "skill_modifier": null, "knowledge": null, "knowledge_modifier": null, "unlocks_spell_origin": null, "allows_priest_actions": false}}]